id,name,description,work_flow,audio_codec,audio_channel,audio_data_rate,audio_format,audio_sample_rate,audio_sample_size,video_codec,video_bit_rate,video_bit_rate_max_percent,video_bit_rate_method,video_frame_rate,video_frame_size,video_key_frame
0,AAC.spfx,,FormatTemplates.AAC,"SMI AAC ",ChannelModeStereo,160000,None,44100,16,,,,,,,
1,AAC_128kbit_44kHz_stereo.spfx,"MPEG-4 Audio File with a .aac extension.","","SMI AAC ",ChannelModeStereo,128000,None,44100,16,,,,,,,
2,AAC_160kbit_44kHz_stereo.spfx,"MPEG-4 Audio File with a .aac extension.","","SMI AAC ",ChannelModeStereo,160000,None,44100,16,,,,,,,
3,AAC_192kbit_44kHz_stereo.spfx,"MPEG-4 Audio File with a .aac extension.","","SMI AAC ",ChannelModeStereo,192000,None,44100,16,,,,,,,
4,AAC_256kbit_48kHz_stereo.spfx,"MPEG-4 Audio File with a .aac extension.","","SMI AAC ",ChannelModeStereo,256000,None,48000,16,,,,,,,
5,AAC_32kbit_32kHz_mono.spfx,"MPEG-4 Audio File with a .aac extension.","","SMI AAC+",ChannelModeMono,32000,None,32000,16,,,,,,,
6,AAC_64kbit_44kHz_mono.spfx,"MPEG-4 Audio File with a .aac extension.","","SMI AAC ",ChannelModeMono,64000,None,44100,16,,,,,,,
7,AC3.xss,,"FormatTemplates.ATSC A/52","MCptAC3 ",ChannelMode5_1,256000,"",48000,16,,,,,,,
8,AC3_192kbit_48kHz_stereo.spfx,"Dolby Digital Audio Format","","MCptAC3 ",ChannelModeStereo,192000,"",48000,16,,,,,,,
9,AC3_256kbit_48kHz_stereo.spfx,"","","MCptAC3 ",ChannelModeStereo,256000,"",48000,16,,,,,,,
10,FLV.xss,,FormatTemplates.FLV,"Fraunhofer MP3",ChannelModeStereo,128000,"",44100,16,SPARKVideoCodec,256000,,BitRateModeSorensonTwoPassVBR,-1,320x240,30
11,FLV_F8_FLV_VP6_1200Kbps_480p.spfx,"Flash video for progressive download on fast Wi-Fi network connections.","Web.Progressive Download.Adobe Flash Video.Flash Video (.flv).F8 Progressive Download","SMI MP3 ",ChannelModeMono,128000,"Adobe Flash 8+ (FLV)",44100,16,ON2!VP62,990000,,BitRateModeTwoPassCBR,-1,852x480,10/Seconds
12,FLV_F8_FLV_VP6_2000Kbps_720p.spfx,"Flash video for progressive download on slow broadband network connections.","Web.Progressive Download.Adobe Flash Video.Flash Video (.flv).F8 Progressive Download","SMI MP3 ",ChannelModeStereo,160000,"Adobe Flash 8+ (FLV)",44100,16,ON2!VP62,1800000,,BitRateModeTwoPassCBR,-1,1280x720,10/Seconds
13,FLV_F8_FLV_VP6_3000Kbps_720p.spfx,"Flash video for progressive download on average broadband network connections.","Web.Progressive Download.Adobe Flash Video.Flash Video (.flv).F8 Progressive Download","SMI MP3 ",ChannelModeStereo,160000,"Adobe Flash 8+ (FLV)",44100,16,ON2!VP62,2800000,,BitRateModeTwoPassCBR,-1,1280x720,10/Seconds
14,FLV_F8_FLV_VP6_512Kbps_288p.spfx,"Flash video for progressive download on average 3g network connections.","Web.Progressive Download.Adobe Flash Video.Flash Video (.flv).F8 Progressive Download","SMI MP3 ",ChannelModeMono,96000,"Adobe Flash 8+ (FLV)",44100,16,ON2!VP62,400000,,BitRateModeTwoPassCBR,-1,512x288,10/Seconds
15,FLV_F8_FLV_VP6_768Kbps_360p.spfx,"Flash video for progressive download on fast 3g network connections.","Web.Progressive Download.Adobe Flash Video.Flash Video (.flv).F8 Progressive Download","SMI MP3 ",ChannelModeMono,96000,"Adobe Flash 8+ (FLV)",44100,16,ON2!VP62,600000,,BitRateModeTwoPassCBR,-1,640x360,10/Seconds
16,FLV_YouTube_F8_240p.spfx,"Optimized output for YouTube upload of 240p source files.","Web.Destinations.YouTube.Flash Video (.flv)","SMI MP3 ",ChannelModeStereo,56000,"Adobe Flash 8+ (FLV)",22050,16,ON2!VP62,696000,,BitRateModeTwoPassCBR,-1,320x240,60/Frames
17,M4A.spfx,,FormatTemplates.M4A,"SMI AAC ",ChannelModeStereo,160000,None,44100,16,,,,,,,
18,M4A_128kbit_44kHz_stereo.spfx,"MPEG-4 Audio Format with .m4a extension.","","SMI AAC ",ChannelModeStereo,128000,None,44100,16,,,,,,,
19,M4A_160kbit_44kHz_stereo.spfx,"MPEG-4 Audio Format with .m4a extension.","","SMI AAC ",ChannelModeStereo,160000,None,44100,16,,,,,,,
20,M4A_192kbit_44kHz_stereo.spfx,"MPEG-4 Audio Format with .m4a extension.","","SMI AAC ",ChannelModeStereo,192000,None,44100,16,,,,,,,
21,M4A_256kbit_48kHz_stereo.spfx,"","","SMI AAC ",ChannelModeStereo,256000,None,48000,16,,,,,,,
22,M4A_32kbit_32kHz_mono.spfx,"","","SMI AAC+",ChannelModeMono,32000,None,32000,16,,,,,,,
23,M4A_64kbit_44kHz_mono.spfx,"","","SMI AAC ",ChannelModeStereo,64000,None,44100,16,,,,,,,
24,MKV.spfx,,FormatTemplates.Matroska,"SMI VRBS",ChannelModeStereo,128000,None,44100,16,"ON2!VP8 ",990000,,BitRateModeTwoPassVBR,-1,852x480,10/Seconds
25,MKV_1200Kbps_480p.spfx,"Matroska video for progressive download on fast Wi-Fi network connections.","","SMI VRBS",ChannelModeStereo,128000,None,44100,16,"ON2!VP8 ",990000,,BitRateModeTwoPassVBR,-1,852x480,10/Seconds
26,MKV_2000Kbps_720p.spfx,"Matroska video for progressive download on slow broadband network connections.","","SMI VRBS",ChannelModeStereo,160000,None,44100,16,"ON2!VP8 ",1800000,,BitRateModeTwoPassVBR,-1,1280x720,10/Frames
27,MKV_3000Kbps_720p.spfx,"Matroska video for progressive download on average broadband network connections.","","SMI VRBS",ChannelModeStereo,160000,None,44100,16,"ON2!VP8 ",2800000,,BitRateModeTwoPassVBR,-1,1280x720,10/Seconds
28,MKV_512Kbps_288p.spfx,"Matroska video for progressive download on average 3g network connections.","","SMI VRBS",ChannelModeStereo,64000,None,44100,16,"ON2!VP8 ",400000,,BitRateModeTwoPassVBR,-1,512x288,10/Seconds
29,MKV_768Kbps_360p.spfx,"Matroska video for progressive download on fast 3g network connections.","","SMI VRBS",ChannelModeStereo,96000,None,44100,16,"ON2!VP8 ",600000,,BitRateModeTwoPassVBR,-1,480x360,10/Seconds
30,MOV.xss,,FormatTemplates.QuickTime,"MPEG-4 Audio",ChannelModeStereo,"","",44100,16,SMISV3ProVideoCodec,1024000,,BitRateModeOnePassCBR,-2,720x480,150
31,MOV_Motion_JPEG.spfx,"High data-rate, low-loss intermediate formate that is universally accessible.  ","Editing.Offline Editing",appllpcm,ChannelModeStereo,0,None,48000,16,applmjpa,"",,"",-1,320x240,""
32,MOV_Wii.spfx,"",Devices.Gaming,appllpcm,ChannelModeStereo,0,None,44100,16,applmjpa,"",,"",-1,852x480,""
33,MOV_h264_1200Kbps_480p.spfx,"QuickTime video for progressive download on fast Wi-Fi network connections.","","applaac ",ChannelModeStereo,0,None,44100,16,MCptH264,990000,150%,BitRateModeTwoPassVBR,-1,852x480,10/Seconds
34,MOV_h264_2000Kbps_720p.spfx,"QuickTime video for progressive download on slow broadband network connections.","","applaac ",ChannelModeStereo,0,None,44100,16,MCptH264,990000,150%,BitRateModeTwoPassVBR,-1,852x480,10/Seconds
35,MOV_h264_3000Kbps_720p.spfx,"QuickTime video for progressive download on average broadband network connections.","","applaac ",ChannelModeStereo,0,None,44100,16,MCptH264,2800000,150%,BitRateModeTwoPassVBR,-1,852x480,10/Seconds
36,MOV_h264_512Kbps_288p.spfx,"QuickTime video for progressive download on average 3g network connections.","","applaac ",ChannelModeMono,0,None,22050,16,MCptH264,400000,150%,BitRateModeTwoPassVBR,-1,512x288,10/Seconds
37,MOV_h264_768Kbps_360p.spfx,"QuickTime video for progressive download on fast 3g network connections.","","applaac ",ChannelModeStereo,0,None,44100,16,MCptH264,600000,150%,BitRateModeTwoPassVBR,-1,640x360,10/Seconds
38,MP3.xss,,FormatTemplates.MP3,"Fraunhofer MP3",ChannelModeStereo,256000,"",48000,16,,,,,,,
39,MP3_128kbit_44kHz_stereo.spfx,"MPEG-1/Layer 3 Audio File Format.","","SMI MP3 ",ChannelModeStereo,128000,None,44100,16,,,,,,,
40,MP3_192kbit_44kHz_stereo.spfx,"MPEG-1/Layer 3 Audio File Format.","","SMI MP3 ",ChannelModeStereo,192000,None,44100,16,,,,,,,
41,MP3_256kbit_44kHz_stereo.spfx,"MPEG-1/Layer 3 Audio File Format.","","SMI MP3 ",ChannelModeStereo,256000,None,44100,16,,,,,,,
42,MP3_96kbit_44kHz_stereo.spfx,"MPEG-1/Layer 3 Audio File Format.","","SMI MP3 ",ChannelModeStereo,96000,None,44100,16,,,,,,,
43,MP4.xss,,"FormatTemplates.MPEG 4","Coding Technologies aac",ChannelModeStereo,64000,None,44100,16,AVCVideoCodec,1015000,,BitRateModeSorensonTwoPassVBR,-1,640x480,150
44,MP4_Blu-ray_24_1080p.spfx,"Recommended for use with DVD authoring applications for progressive source files having frame dimensions of 1920x1080 with 24fps.","Disc.Blu-ray Authoring.h264","MCptAC3 ",ChannelModeStereo,384000,"",48000,16,"MCpt264 ",25000000,120%,BitRateModeTwoPassVBR,24,1920x1080,10/Seconds
45,MP4_Blu-ray_24_1440x1080p.spfx,"Recommended for use with DVD authoring applications for interlaced source files having frame dimensions of 1400x1080 with 24fps.","Disc.Blu-ray Authoring.h264","MCptAC3 ",ChannelModeStereo,384000,"",48000,16,"MCpt264 ",20000000,125%,BitRateModeTwoPassVBR,24,1440x1080,10/Seconds
46,MP4_Blu-ray_24_720p.spfx,"Recommended for use with DVD authoring applications for progressive source files having frame dimensions of 1280x720 with 24fps.","Disc.Blu-ray Authoring.h264","MCptAC3 ",ChannelModeStereo,384000,"",48000,16,"MCpt264 ",15000000,135%,BitRateModeTwoPassVBR,24,1280x720,10/Seconds
47,MP4_Blu-ray_25_1080i.spfx,"Recommended for use with DVD authoring applications for interlaced source files having frame dimensions of 1920x1080 with 25fps.","Disc.Blu-ray Authoring.h264","MCptAC3 ",ChannelModeStereo,384000,"",48000,16,"MCpt264 ",25000000,120%,BitRateModeTwoPassVBR,25,1920x1080,10/Seconds
48,MP4_Blu-ray_25_1440x1080i.spfx,"Recommended for use with DVD authoring applications for interlaced source files having frame dimensions of 1440x1080 with 25fps.","Disc.Blu-ray Authoring.h264","MCptAC3 ",ChannelModeStereo,384000,"",48000,16,"MCpt264 ",20000000,125%,BitRateModeTwoPassVBR,25,1440x1080,10/Seconds
49,MP4_Blu-ray_29.97_1080i.spfx,"Recommended for use with DVD authoring applications for interlaced source files having frame dimensions of 1920x1080 with 29.97fps.","Disc.Blu-ray Authoring.h264","MCptAC3 ",ChannelModeStereo,384000,"",48000,16,"MCpt264 ",25000000,120%,BitRateModeTwoPassVBR,29.97,1920x1080,10/Seconds
50,MP4_Blu-ray_29.97_1440x1080i.spfx,"Recommended for use with DVD authoring applications for interlaced source files having frame dimensions of 1920x1080 with 29.97fps.","Disc.Blu-ray Authoring.h264","MCptAC3 ",ChannelModeStereo,384000,"",48000,16,"MCpt264 ",20000000,125%,BitRateModeTwoPassVBR,29.97,1440x1080,10/Seconds
51,MP4_Gen1_h264_1400Kbps_480p.spfx,"AVC Baseline Profile. Compatible with Apple TV (1G), iPad, and iPhone/iPod touch, and Android (1G) devices.","Devices.Apple/Android/Connected Devices Hybrid.Gen 1.h264",AACAudioCodec,ChannelModeStereo,128000,None,44100,16,MCptH264,1272000,110%,BitRateModeTwoPassVBR,-1,640x480,10/Seconds
52,MP4_Gen1_h264_2500Kbps_480p.spfx,"AVC Baseline Profile. Compatible with Apple TV (1G), iPad, and iPhone/iPod touch, and Android (1G) devices.","Devices.Apple/Android/Connected Devices Hybrid.Gen 1.h264",AACAudioCodec,ChannelModeStereo,160000,None,44100,16,MCptH264,1272000,110%,BitRateModeTwoPassVBR,-1,640x480,10/Seconds
53,MP4_Gen1_h264_768Kbps_480p.spfx,"AVC Baseline Profile. Compatible with Apple TV (1G), iPad, and iPhone/iPod touch, and Android (1G) devices.","Devices.Apple/Android/Connected Devices Hybrid.Gen 1.h264",AACAudioCodec,ChannelModeStereo,128000,None,44100,16,MCptH264,592000,129%,BitRateModeTwoPassVBR,-1,640x480,10/Seconds
54,MP4_Gen1_x264_1400Kbps_480p.spfx,"AVC Baseline Profile. Compatible with Apple TV (1G), iPad, and iPhone/iPod touch, and Android (1G) devices.","Devices.Apple/Android/Connected Devices Hybrid.Gen 1.x264",AACAudioCodec,ChannelModeStereo,128000,None,48000,16,x264H264,1272000,200%,BitRateModeTwoPassVBR,-1,640x480,10/Seconds
55,MP4_Gen1_x264_2500Kbps_480p.spfx,"AVC Baseline Profile. Compatible with Apple TV (1G), iPad, and iPhone/iPod touch, and Android (1G) devices.","Devices.Apple/Android/Connected Devices Hybrid.Gen 1.x264",AACAudioCodec,ChannelModeStereo,128000,None,44100,16,x264H264,1400000,180%,BitRateModeTwoPassVBR,-1,640x480,10/Seconds
56,MP4_Gen1_x264_720Kbps_480p.spfx,"AVC Baseline Profile. Compatible with Apple TV (1G), iPad, and iPhone/iPod touch, and Android (1G) devices.","Devices.Apple/Android/Connected Devices Hybrid.Gen 1.x264",AACAudioCodec,ChannelModeStereo,128000,None,44100,16,x264H264,592000,129%,BitRateModeTwoPassVBR,-1,640x480,10/Seconds
57,MP4_Gen2_h264_1400Kbps_480p.spfx,"AVC Main Profile. Compatible with Apple TV (2G), iPad, and iPhone/iPod touch, and Android (2G) devices.","Devices.Apple/Android/Connected Devices Hybrid.Gen 2.h264",AACAudioCodec,ChannelModeStereo,128000,None,44100,16,MCptH264,1200000,116%,BitRateModeTwoPassVBR,-1,640x480,10/Seconds
58,MP4_Gen2_h264_2500Kbps_480p.spfx,"AVC Main Profile. Compatible with Apple TV (2G), iPad, and iPhone/iPod touch, and Android (2G) devices.","Devices.Apple/Android/Connected Devices Hybrid.Gen 2.h264",AACAudioCodec,ChannelModeStereo,160000,None,44100,16,MCptH264,1400000,178%,BitRateModeTwoPassVBR,-1,640x480,10/Seconds
59,MP4_Gen2_h264_768Kbps_480p.spfx,"AVC Main Profile. Compatible with Apple TV (2G), iPad, and iPhone/iPod touch, and Android (2G) devices.","Devices.Apple/Android/Connected Devices Hybrid.Gen 2.h264",AACAudioCodec,ChannelModeStereo,128000,None,44100,16,MCptH264,592000,129%,BitRateModeTwoPassVBR,-1,640x480,10/Seconds
60,MP4_Gen2_x264_1400Kbps_480p.spfx,"AVC Main Profile. Compatible with Apple TV (2G), iPad, and iPhone/iPod touch, and Android (2G) devices.","Devices.Apple/Android/Connected Devices Hybrid.Gen 2.x264",AACAudioCodec,ChannelModeStereo,128000,None,44100,16,x264H264,1200000,116%,BitRateModeTwoPassVBR,-1,640x480,10/Seconds
61,MP4_Gen2_x264_2500Kbps_480p.spfx,"AVC Main Profile. Compatible with Apple TV (2G), iPad, and iPhone/iPod touch, and Android (2G) devices.","Devices.Apple/Android/Connected Devices Hybrid.Gen 2.x264",AACAudioCodec,ChannelModeStereo,160000,None,44100,16,x264H264,1400000,178%,BitRateModeTwoPassVBR,-1,640x480,10/Seconds
62,MP4_Gen2_x264_720Kbps_480p.spfx,"AVC Main Profile. Compatible with Apple TV (2G), iPad, and iPhone/iPod touch, and Android (2G) devices.","Devices.Apple/Android/Connected Devices Hybrid.Gen 2.x264",AACAudioCodec,ChannelModeStereo,128000,None,44100,16,x264H264,592000,129%,BitRateModeTwoPassVBR,-1,640x480,10/Seconds
63,MP4_Gen3_h264_10Mbps_720p.spfx,"AVC High Profilie. Compatible with Apple TV (2G), iPad, and iPhone/iPod touch with Retina Display, and Android (3G) devices.","Devices.Apple/Android/Connected Devices Hybrid.Gen 3.h264",AACAudioCodec,ChannelModeStereo,320000,None,48000,16,MCptH264,7100000,140%,BitRateModeTwoPassVBR,-1,1280x720,10/Seconds
64,MP4_Gen3_h264_2500Kbps_720p.spfx,"AVC High Profilie. Compatible with Apple TV (2G), iPad, and iPhone/iPod touch with Retina Display, and Android (3G) devices.","Devices.Apple/Android/Connected Devices Hybrid.Gen 3.h264",AACAudioCodec,ChannelModeStereo,160000,None,44100,16,MCptH264,1400000,175%,BitRateModeTwoPassVBR,-1,1280x720,10/Seconds
65,MP4_Gen3_h264_5Mbps_720p.spfx,"AVC High Profilie. Compatible with Apple TV (2G), iPad, and iPhone/iPod touch with Retina Display, and Android (3G) devices.","Devices.Apple/Android/Connected Devices Hybrid.Gen 3.h264",AACAudioCodec,ChannelModeStereo,192000,None,44100,16,MCptH264,2800000,178%,BitRateModeTwoPassVBR,-1,1280x720,10/Seconds
66,MP4_Gen3_x264_10Mbps_720p.spfx,"AVC High Profilie. Compatible with Apple TV (2G), iPad, and iPhone/iPod touch with Retina Display, and Android (3G) devices.","Devices.Apple/Android/Connected Devices Hybrid.Gen 3.x264",AACAudioCodec,ChannelModeStereo,160000,None,44100,16,x264H264,7100000,140%,BitRateModeTwoPassVBR,-1,1280x720,10/Seconds
67,MP4_Gen3_x264_2500Kbps_720p.spfx,"AVC High Profilie. Compatible with Apple TV (2G), iPad, and iPhone/iPod touch with Retina Display, and Android (3G) devices.","Devices.Apple/Android/Connected Devices Hybrid.Gen 3.x264",AACAudioCodec,ChannelModeStereo,160000,None,44100,16,x264H264,1400000,178%,BitRateModeTwoPassVBR,-1,1280x720,10/Seconds
68,MP4_Gen3_x264_5Mbps_720p.spfx,"AVC High Profilie. Compatible with Apple TV (2G), iPad, and iPhone/iPod touch with Retina Display, and Android (3G) devices.","Devices.Apple/Android/Connected Devices Hybrid.Gen 3.x264",AACAudioCodec,ChannelModeStereo,192000,None,44100,16,x264H264,2800000,178%,BitRateModeTwoPassVBR,-1,1280x720,10/Seconds
69,MP4_Legacy_iPod_768Kbps_180p.spfx,"Midrange iPod, 16x9 aspect ratio. AVC Baseline Profilie.","Devices.Apple i-Devices",AACAudioCodec,ChannelModeStereo,128000,None,44100,16,MCptH264,550000,139%,BitRateModeTwoPassVBR,-1,320x180,10/Seconds
70,MP4_Legacy_iPod_768Kbps_240p.spfx,"Legacy iPod, 4x3 aspect ratio. AVC Baseline Profilie.","Devices.Apple i-Devices",AACAudioCodec,ChannelModeStereo,128000,None,44100,16,MCptH264,550000,139%,BitRateModeTwoPassVBR,-1,320x240,10/Seconds
71,MP4_MS_IIS_h264_LF_16x9_720p.spfx,"h264 long form (More than five minutes).  For 16x9 HD content.  Connection speeds from slow DSL up to average broadband networks.","Web.Adaptive Bit Rate.Microsoft Smooth Streaming.Long Form",AACAudioCodec,ChannelModeStereo,64000,"Microsoft IIS Smooth Streaming",44100,16,MCptH264,110000,150%,BitRateModeOnePassCBR,-1,512x288,2/Seconds
72,MP4_MS_IIS_h264_LF_16x9_720p.spfx,"h264 long form (More than five minutes).  For 16x9 HD content.  Connection speeds from slow DSL up to average broadband networks.","Web.Adaptive Bit Rate.Microsoft Smooth Streaming.Long Form",AACAudioCodec,ChannelModeStereo,64000,"Microsoft IIS Smooth Streaming",44100,16,MCptH264,110000,150%,BitRateModeOnePassCBR,-1,512x288,2/Seconds
73,MP4_MS_IIS_h264_LF_16x9_720p.spfx,"h264 long form (More than five minutes).  For 16x9 HD content.  Connection speeds from slow DSL up to average broadband networks.","Web.Adaptive Bit Rate.Microsoft Smooth Streaming.Long Form",AACAudioCodec,ChannelModeStereo,64000,"Microsoft IIS Smooth Streaming",44100,16,MCptH264,110000,150%,BitRateModeOnePassCBR,-1,512x288,2/Seconds
74,MP4_MS_IIS_h264_LF_16x9_720p.spfx,"h264 long form (More than five minutes).  For 16x9 HD content.  Connection speeds from slow DSL up to average broadband networks.","Web.Adaptive Bit Rate.Microsoft Smooth Streaming.Long Form",AACAudioCodec,ChannelModeStereo,64000,"Microsoft IIS Smooth Streaming",44100,16,MCptH264,110000,150%,BitRateModeOnePassCBR,-1,512x288,2/Seconds
75,MP4_MS_IIS_h264_LF_16x9_720p.spfx,"h264 long form (More than five minutes).  For 16x9 HD content.  Connection speeds from slow DSL up to average broadband networks.","Web.Adaptive Bit Rate.Microsoft Smooth Streaming.Long Form",AACAudioCodec,ChannelModeStereo,64000,"Microsoft IIS Smooth Streaming",44100,16,MCptH264,110000,150%,BitRateModeOnePassCBR,-1,512x288,2/Seconds
76,MP4_MS_IIS_h264_LF_16x9_720p.spfx,"h264 long form (More than five minutes).  For 16x9 HD content.  Connection speeds from slow DSL up to average broadband networks.","Web.Adaptive Bit Rate.Microsoft Smooth Streaming.Long Form",AACAudioCodec,ChannelModeStereo,64000,"Microsoft IIS Smooth Streaming",44100,16,MCptH264,110000,150%,BitRateModeOnePassCBR,-1,512x288,2/Seconds
77,MP4_MS_IIS_h264_LF_4x3_480p.spfx,"h264 long form (More than five minutes).  For 4x3 SD content.  Connection speeds from slow DSL up to average broadband networks.","Web.Adaptive Bit Rate.Microsoft Smooth Streaming.Long Form",AACAudioCodec,ChannelModeStereo,64000,"Microsoft IIS Smooth Streaming",44100,16,MCptH264,110000,125%,BitRateModeOnePassCBR,-1,384x288,2/Seconds
78,MP4_MS_IIS_h264_LF_4x3_480p.spfx,"h264 long form (More than five minutes).  For 4x3 SD content.  Connection speeds from slow DSL up to average broadband networks.","Web.Adaptive Bit Rate.Microsoft Smooth Streaming.Long Form",AACAudioCodec,ChannelModeStereo,64000,"Microsoft IIS Smooth Streaming",44100,16,MCptH264,110000,125%,BitRateModeOnePassCBR,-1,384x288,2/Seconds
79,MP4_MS_IIS_h264_LF_4x3_480p.spfx,"h264 long form (More than five minutes).  For 4x3 SD content.  Connection speeds from slow DSL up to average broadband networks.","Web.Adaptive Bit Rate.Microsoft Smooth Streaming.Long Form",AACAudioCodec,ChannelModeStereo,64000,"Microsoft IIS Smooth Streaming",44100,16,MCptH264,110000,125%,BitRateModeOnePassCBR,-1,384x288,2/Seconds
80,MP4_MS_IIS_h264_LF_4x3_480p.spfx,"h264 long form (More than five minutes).  For 4x3 SD content.  Connection speeds from slow DSL up to average broadband networks.","Web.Adaptive Bit Rate.Microsoft Smooth Streaming.Long Form",AACAudioCodec,ChannelModeStereo,64000,"Microsoft IIS Smooth Streaming",44100,16,MCptH264,110000,125%,BitRateModeOnePassCBR,-1,384x288,2/Seconds
81,MP4_MS_IIS_h264_LF_4x3_480p.spfx,"h264 long form (More than five minutes).  For 4x3 SD content.  Connection speeds from slow DSL up to average broadband networks.","Web.Adaptive Bit Rate.Microsoft Smooth Streaming.Long Form",AACAudioCodec,ChannelModeStereo,64000,"Microsoft IIS Smooth Streaming",44100,16,MCptH264,110000,125%,BitRateModeOnePassCBR,-1,384x288,2/Seconds
82,MP4_MS_IIS_h264_LF_4x3_480p.spfx,"h264 long form (More than five minutes).  For 4x3 SD content.  Connection speeds from slow DSL up to average broadband networks.","Web.Adaptive Bit Rate.Microsoft Smooth Streaming.Long Form",AACAudioCodec,ChannelModeStereo,64000,"Microsoft IIS Smooth Streaming",44100,16,MCptH264,110000,125%,BitRateModeOnePassCBR,-1,384x288,2/Seconds
83,MP4_MS_IIS_h264_LF_MAR_720p.spfx,"h264 long form (More than five minutes).  This preset will Maintain Aspect Ratio of the source content.  Connection speeds from slow DSL up to average broadband networks.","Web.Adaptive Bit Rate.Microsoft Smooth Streaming.Long Form",AACAudioCodec,ChannelModeStereo,64000,"Microsoft IIS Smooth Streaming",44100,16,MCptH264,110000,150%,BitRateModeOnePassCBR,-1,512x288,2/Seconds
84,MP4_MS_IIS_h264_LF_MAR_720p.spfx,"h264 long form (More than five minutes).  This preset will Maintain Aspect Ratio of the source content.  Connection speeds from slow DSL up to average broadband networks.","Web.Adaptive Bit Rate.Microsoft Smooth Streaming.Long Form",AACAudioCodec,ChannelModeStereo,64000,"Microsoft IIS Smooth Streaming",44100,16,MCptH264,110000,150%,BitRateModeOnePassCBR,-1,512x288,2/Seconds
85,MP4_MS_IIS_h264_LF_MAR_720p.spfx,"h264 long form (More than five minutes).  This preset will Maintain Aspect Ratio of the source content.  Connection speeds from slow DSL up to average broadband networks.","Web.Adaptive Bit Rate.Microsoft Smooth Streaming.Long Form",AACAudioCodec,ChannelModeStereo,64000,"Microsoft IIS Smooth Streaming",44100,16,MCptH264,110000,150%,BitRateModeOnePassCBR,-1,512x288,2/Seconds
86,MP4_MS_IIS_h264_LF_MAR_720p.spfx,"h264 long form (More than five minutes).  This preset will Maintain Aspect Ratio of the source content.  Connection speeds from slow DSL up to average broadband networks.","Web.Adaptive Bit Rate.Microsoft Smooth Streaming.Long Form",AACAudioCodec,ChannelModeStereo,64000,"Microsoft IIS Smooth Streaming",44100,16,MCptH264,110000,150%,BitRateModeOnePassCBR,-1,512x288,2/Seconds
87,MP4_MS_IIS_h264_LF_MAR_720p.spfx,"h264 long form (More than five minutes).  This preset will Maintain Aspect Ratio of the source content.  Connection speeds from slow DSL up to average broadband networks.","Web.Adaptive Bit Rate.Microsoft Smooth Streaming.Long Form",AACAudioCodec,ChannelModeStereo,64000,"Microsoft IIS Smooth Streaming",44100,16,MCptH264,110000,150%,BitRateModeOnePassCBR,-1,512x288,2/Seconds
88,MP4_MS_IIS_h264_LF_MAR_720p.spfx,"h264 long form (More than five minutes).  This preset will Maintain Aspect Ratio of the source content.  Connection speeds from slow DSL up to average broadband networks.","Web.Adaptive Bit Rate.Microsoft Smooth Streaming.Long Form",AACAudioCodec,ChannelModeStereo,64000,"Microsoft IIS Smooth Streaming",44100,16,MCptH264,110000,150%,BitRateModeOnePassCBR,-1,512x288,2/Seconds
89,MP4_MS_IIS_h264_SF_16x9_720p.spfx,"h264 short form (Less than five minutes).  For 16x9 HD content.  Connection speeds from slow DSL up to average broadband networks.","Web.Adaptive Bit Rate.Microsoft Smooth Streaming.Short Form",AACAudioCodec,ChannelModeStereo,64000,"Microsoft IIS Smooth Streaming",44100,16,MCptH264,110000,150%,BitRateModeOnePassCBR,-1,512x288,2/Seconds
90,MP4_MS_IIS_h264_SF_16x9_720p.spfx,"h264 short form (Less than five minutes).  For 16x9 HD content.  Connection speeds from slow DSL up to average broadband networks.","Web.Adaptive Bit Rate.Microsoft Smooth Streaming.Short Form",AACAudioCodec,ChannelModeStereo,64000,"Microsoft IIS Smooth Streaming",44100,16,MCptH264,110000,150%,BitRateModeOnePassCBR,-1,512x288,2/Seconds
91,MP4_MS_IIS_h264_SF_16x9_720p.spfx,"h264 short form (Less than five minutes).  For 16x9 HD content.  Connection speeds from slow DSL up to average broadband networks.","Web.Adaptive Bit Rate.Microsoft Smooth Streaming.Short Form",AACAudioCodec,ChannelModeStereo,64000,"Microsoft IIS Smooth Streaming",44100,16,MCptH264,110000,150%,BitRateModeOnePassCBR,-1,512x288,2/Seconds
92,MP4_MS_IIS_h264_SF_16x9_720p.spfx,"h264 short form (Less than five minutes).  For 16x9 HD content.  Connection speeds from slow DSL up to average broadband networks.","Web.Adaptive Bit Rate.Microsoft Smooth Streaming.Short Form",AACAudioCodec,ChannelModeStereo,64000,"Microsoft IIS Smooth Streaming",44100,16,MCptH264,110000,150%,BitRateModeOnePassCBR,-1,512x288,2/Seconds
93,MP4_MS_IIS_h264_SF_16x9_720p.spfx,"h264 short form (Less than five minutes).  For 16x9 HD content.  Connection speeds from slow DSL up to average broadband networks.","Web.Adaptive Bit Rate.Microsoft Smooth Streaming.Short Form",AACAudioCodec,ChannelModeStereo,64000,"Microsoft IIS Smooth Streaming",44100,16,MCptH264,110000,150%,BitRateModeOnePassCBR,-1,512x288,2/Seconds
94,MP4_MS_IIS_h264_SF_16x9_720p.spfx,"h264 short form (Less than five minutes).  For 16x9 HD content.  Connection speeds from slow DSL up to average broadband networks.","Web.Adaptive Bit Rate.Microsoft Smooth Streaming.Short Form",AACAudioCodec,ChannelModeStereo,64000,"Microsoft IIS Smooth Streaming",44100,16,MCptH264,110000,150%,BitRateModeOnePassCBR,-1,512x288,2/Seconds
95,MP4_MS_IIS_h264_SF_4x3_480p.spfx,"h264 short form (Less than five minutes).  For 4x3 SD content.  Connection speeds from slow DSL up to average broadband networks.","Web.Adaptive Bit Rate.Microsoft Smooth Streaming.Short Form",AACAudioCodec,ChannelModeStereo,64000,"Microsoft IIS Smooth Streaming",44100,16,MCptH264,110000,125%,BitRateModeOnePassCBR,-1,384x288,2/Seconds
96,MP4_MS_IIS_h264_SF_4x3_480p.spfx,"h264 short form (Less than five minutes).  For 4x3 SD content.  Connection speeds from slow DSL up to average broadband networks.","Web.Adaptive Bit Rate.Microsoft Smooth Streaming.Short Form",AACAudioCodec,ChannelModeStereo,64000,"Microsoft IIS Smooth Streaming",44100,16,MCptH264,110000,125%,BitRateModeOnePassCBR,-1,384x288,2/Seconds
97,MP4_MS_IIS_h264_SF_4x3_480p.spfx,"h264 short form (Less than five minutes).  For 4x3 SD content.  Connection speeds from slow DSL up to average broadband networks.","Web.Adaptive Bit Rate.Microsoft Smooth Streaming.Short Form",AACAudioCodec,ChannelModeStereo,64000,"Microsoft IIS Smooth Streaming",44100,16,MCptH264,110000,125%,BitRateModeOnePassCBR,-1,384x288,2/Seconds
98,MP4_MS_IIS_h264_SF_4x3_480p.spfx,"h264 short form (Less than five minutes).  For 4x3 SD content.  Connection speeds from slow DSL up to average broadband networks.","Web.Adaptive Bit Rate.Microsoft Smooth Streaming.Short Form",AACAudioCodec,ChannelModeStereo,64000,"Microsoft IIS Smooth Streaming",44100,16,MCptH264,110000,125%,BitRateModeOnePassCBR,-1,384x288,2/Seconds
99,MP4_MS_IIS_h264_SF_4x3_480p.spfx,"h264 short form (Less than five minutes).  For 4x3 SD content.  Connection speeds from slow DSL up to average broadband networks.","Web.Adaptive Bit Rate.Microsoft Smooth Streaming.Short Form",AACAudioCodec,ChannelModeStereo,64000,"Microsoft IIS Smooth Streaming",44100,16,MCptH264,110000,125%,BitRateModeOnePassCBR,-1,384x288,2/Seconds
100,MP4_MS_IIS_h264_SF_4x3_480p.spfx,"h264 short form (Less than five minutes).  For 4x3 SD content.  Connection speeds from slow DSL up to average broadband networks.","Web.Adaptive Bit Rate.Microsoft Smooth Streaming.Short Form",AACAudioCodec,ChannelModeStereo,64000,"Microsoft IIS Smooth Streaming",44100,16,MCptH264,110000,125%,BitRateModeOnePassCBR,-1,384x288,2/Seconds
101,MP4_MS_IIS_h264_SF_MAR_720p.spfx,"h264 short form (Less than five minutes).  This preset will Maintain Aspect Ratio of the source content.  Connection speeds from slow DSL up to average broadband networks.","Web.Adaptive Bit Rate.Microsoft Smooth Streaming.Short Form",AACAudioCodec,ChannelModeStereo,64000,"Microsoft IIS Smooth Streaming",44100,16,MCptH264,110000,150%,BitRateModeOnePassCBR,-1,512x288,2/Seconds
102,MP4_MS_IIS_h264_SF_MAR_720p.spfx,"h264 short form (Less than five minutes).  This preset will Maintain Aspect Ratio of the source content.  Connection speeds from slow DSL up to average broadband networks.","Web.Adaptive Bit Rate.Microsoft Smooth Streaming.Short Form",AACAudioCodec,ChannelModeStereo,64000,"Microsoft IIS Smooth Streaming",44100,16,MCptH264,110000,150%,BitRateModeOnePassCBR,-1,512x288,2/Seconds
103,MP4_MS_IIS_h264_SF_MAR_720p.spfx,"h264 short form (Less than five minutes).  This preset will Maintain Aspect Ratio of the source content.  Connection speeds from slow DSL up to average broadband networks.","Web.Adaptive Bit Rate.Microsoft Smooth Streaming.Short Form",AACAudioCodec,ChannelModeStereo,64000,"Microsoft IIS Smooth Streaming",44100,16,MCptH264,110000,150%,BitRateModeOnePassCBR,-1,512x288,2/Seconds
104,MP4_MS_IIS_h264_SF_MAR_720p.spfx,"h264 short form (Less than five minutes).  This preset will Maintain Aspect Ratio of the source content.  Connection speeds from slow DSL up to average broadband networks.","Web.Adaptive Bit Rate.Microsoft Smooth Streaming.Short Form",AACAudioCodec,ChannelModeStereo,64000,"Microsoft IIS Smooth Streaming",44100,16,MCptH264,110000,150%,BitRateModeOnePassCBR,-1,512x288,2/Seconds
105,MP4_MS_IIS_h264_SF_MAR_720p.spfx,"h264 short form (Less than five minutes).  This preset will Maintain Aspect Ratio of the source content.  Connection speeds from slow DSL up to average broadband networks.","Web.Adaptive Bit Rate.Microsoft Smooth Streaming.Short Form",AACAudioCodec,ChannelModeStereo,64000,"Microsoft IIS Smooth Streaming",44100,16,MCptH264,110000,150%,BitRateModeOnePassCBR,-1,512x288,2/Seconds
106,MP4_MS_IIS_h264_SF_MAR_720p.spfx,"h264 short form (Less than five minutes).  This preset will Maintain Aspect Ratio of the source content.  Connection speeds from slow DSL up to average broadband networks.","Web.Adaptive Bit Rate.Microsoft Smooth Streaming.Short Form",AACAudioCodec,ChannelModeStereo,64000,"Microsoft IIS Smooth Streaming",44100,16,MCptH264,110000,150%,BitRateModeOnePassCBR,-1,512x288,2/Seconds
107,MP4_Midrange_iPod_2500Kbps_360p.spfx,"Midrange iPod, 16x9 aspect ratio. AVC Baseline Profilie.","Devices.Apple i-Devices",AACAudioCodec,ChannelModeStereo,128000,None,44100,16,MCptH264,1400000,172%,BitRateModeTwoPassVBR,-1,640x360,10/Seconds
108,MP4_Midrange_iPod_2500Kbps_480p.spfx,"Midrange iPod, 4x3 aspect ratio. AVC Baseline Profilie.","Devices.Apple i-Devices",AACAudioCodec,ChannelModeStereo,128000,None,44100,16,MCptH264,1400000,172%,BitRateModeTwoPassVBR,-1,640x480,10/Seconds
109,MP4_YouTube_h264_1080p.spfx,"Optimized output for YouTube upload of 1080p source files.",Web.Destinations.YouTube.h264,AACAudioCodec,ChannelModeStereo,256000,None,44100,16,MCptH264,6000000,160%,BitRateModeTwoPassVBR,-1,1920x1080,300/Frames
110,MP4_YouTube_h264_240p.spfx,"Optimized output for YouTube upload of 240p source files.",Web.Destinations.YouTube.h264,AACAudioCodec,ChannelModeStereo,64000,None,44100,16,MCptH264,659968,160%,BitRateModeOnePassCBR,-1,320x240,300/Frames
111,MP4_YouTube_h264_480p.spfx,"Optimized output for YouTube upload of 480p source files.",Web.Destinations.YouTube.h264,AACAudioCodec,ChannelModeStereo,192000,None,44100,16,MCptH264,2000000,160%,BitRateModeTwoPassVBR,-1,640x480,300/Frames
112,MP4_YouTube_h264_720p.spfx,"Optimized output for YouTube upload of 720p source files.",Web.Destinations.YouTube.h264,AACAudioCodec,ChannelModeStereo,256000,None,44100,16,MCptH264,5000000,160%,BitRateModeTwoPassVBR,-1,1280x720,300/Frames
113,MP4_YouTube_x264_1080p.spfx,"Optimized output for YouTube upload of 1080p source files.",Web.Destinations.YouTube.x264,AACAudioCodec,ChannelModeStereo,256000,None,44100,16,x264H264,6000000,160%,BitRateModeTwoPassVBR,-1,1920x1080,300/Frames
114,MP4_YouTube_x264_240p.spfx,"Optimized output for YouTube upload of 240p source files.",Web.Destinations.YouTube.x264,AACAudioCodec,ChannelModeStereo,64000,None,44100,16,x264H264,660000,160%,BitRateModeOnePassCBR,-1,320x240,300/Frames
115,MP4_YouTube_x264_480p.spfx,"Optimized output for YouTube upload of 480p source files.",Web.Destinations.YouTube.x264,AACAudioCodec,ChannelModeStereo,192000,None,44100,16,x264H264,2000000,160%,BitRateModeTwoPassVBR,-1,640x480,300/Frames
116,MP4_YouTube_x264_720p.spfx,"Optimized output for YouTube upload of 720p source files.",Web.Destinations.YouTube.x264,AACAudioCodec,ChannelModeStereo,256000,None,44100,16,x264H264,5000000,160%,BitRateModeTwoPassVBR,-1,1280x720,300/Frames
117,MP4_h264_1200Kbps_480p.spfx,"MPEG-4 video for progressive download on fast Wi-Fi network connections.","Web.Progressive Download.h264",AACAudioCodec,ChannelModeStereo,128000,None,44100,16,MCptH264,990000,121%,BitRateModeTwoPassVBR,-1,852x480,10/Seconds
118,MP4_h264_2000Kbps_720p.spfx,"MPEG-4 video for progressive download on slow broadband network connections.","Web.Progressive Download.h264",AACAudioCodec,ChannelModeStereo,160000,None,44100,16,MCptH264,1800000,111%,BitRateModeTwoPassVBR,-1,1280x720,10/Seconds
119,MP4_h264_3000Kbps_720p.spfx,"MPEG-4 video for progressive download on average broadband network connections.","Web.Progressive Download.h264",AACAudioCodec,ChannelModeStereo,160000,None,44100,16,MCptH264,2500000,120%,BitRateModeTwoPassVBR,-1,1280x720,10/Seconds
120,MP4_h264_512Kbps_288p.spfx,"MPEG-4 video for progressive download on average 3g network connections.","Web.Progressive Download.h264",AACAudioCodec,ChannelModeStereo,96000,None,44100,16,MCptH264,400000,128%,BitRateModeTwoPassVBR,-1,512x288,10/Seconds
121,MP4_h264_768Kbps_360p.spfx,"MPEG-4 video for progressive download on fast 3g network connections.","Web.Progressive Download.h264",AACAudioCodec,ChannelModeStereo,96000,None,44100,16,MCptH264,600000,128%,BitRateModeTwoPassVBR,-1,640x360,10/Seconds
122,MP4_iPad-iPhone4_5Mbps_720p.spfx,"iPad, and iPhone 4/iPod touch with Retina Display and Apple TV. AVC Main Profilie.","Devices.Apple i-Devices",AACAudioCodec,ChannelModeStereo,160000,None,44100,16,MCptH264,3500000,200%,BitRateModeTwoPassVBR,-1,1280x720,10/Seconds
123,MP4_x264_1200Kbps_480p.spfx,"MPEG-4 video for progressive download on fast Wi-Fi network connections.","Web.Progressive Download.x264",AACAudioCodec,ChannelModeStereo,128000,None,44100,16,x264H264,990000,121%,BitRateModeTwoPassVBR,-1,720x480,10/Seconds
124,MP4_x264_2000Kbps_720p.spfx,"MPEG-4 video for progressive download on slow broadband network connections.","Web.Progressive Download.x264",AACAudioCodec,ChannelModeStereo,160000,None,44100,16,x264H264,1800000,111%,BitRateModeTwoPassVBR,-1,1280x720,10/Seconds
125,MP4_x264_3000Kbps_720p.spfx,"MPEG-4 video for progressive download on average broadband network connections.","Web.Progressive Download.x264",AACAudioCodec,ChannelModeStereo,160000,None,44100,16,x264H264,2500000,120%,BitRateModeTwoPassVBR,-1,1280x720,10/Seconds
126,MP4_x264_512Kbps_288p.spfx,"MPEG-4 video for progressive download on average 3g network connections.","Web.Progressive Download.x264",AACAudioCodec,ChannelModeStereo,96000,None,44100,16,x264H264,400000,128%,BitRateModeTwoPassVBR,-1,512x288,10/Seconds
127,MP4_x264_768Kbps_360p.spfx,"MPEG-4 video for progressive download on fast 3g network connections.","Web.Progressive Download.x264",AACAudioCodec,ChannelModeStereo,96000,None,44100,16,x264H264,600000,150%,BitRateModeTwoPassVBR,-1,640x360,10/Seconds
128,MPG.xss,,FormatTemplates.MPG,"MPEG Layer 2 Audio",ChannelModeStereo,224000,"DVD (MPEG 2)",48000,16,MPEG2VideoCodec,3072000,,BitRateModeTwoPassVBR,"",720x480,""
129,MPG_Apple_HLS_h264_LF_16x9_720p.spfx,"h264 long form (More than five minutes).  For 16x9 HD content.  Connection speeds from slow DSL up to average broadband networks.","Web.Adaptive Bit Rate.Apple HLS.Long Form","MCptAAC ",ChannelModeStereo,64000,"",44100,16,"MCpt264 ",110000,150%,BitRateModeOnePassCBR,10,512x288,2/Seconds
130,MPG_Apple_HLS_h264_LF_16x9_720p.spfx,"h264 long form (More than five minutes).  For 16x9 HD content.  Connection speeds from slow DSL up to average broadband networks.","Web.Adaptive Bit Rate.Apple HLS.Long Form","MCptAAC ",ChannelModeStereo,64000,"",44100,16,"MCpt264 ",110000,150%,BitRateModeOnePassCBR,10,512x288,2/Seconds
131,MPG_Apple_HLS_h264_LF_16x9_720p.spfx,"h264 long form (More than five minutes).  For 16x9 HD content.  Connection speeds from slow DSL up to average broadband networks.","Web.Adaptive Bit Rate.Apple HLS.Long Form","MCptAAC ",ChannelModeStereo,64000,"",44100,16,"MCpt264 ",110000,150%,BitRateModeOnePassCBR,10,512x288,2/Seconds
132,MPG_Apple_HLS_h264_LF_16x9_720p.spfx,"h264 long form (More than five minutes).  For 16x9 HD content.  Connection speeds from slow DSL up to average broadband networks.","Web.Adaptive Bit Rate.Apple HLS.Long Form","MCptAAC ",ChannelModeStereo,64000,"",44100,16,"MCpt264 ",110000,150%,BitRateModeOnePassCBR,10,512x288,2/Seconds
133,MPG_Apple_HLS_h264_LF_16x9_720p.spfx,"h264 long form (More than five minutes).  For 16x9 HD content.  Connection speeds from slow DSL up to average broadband networks.","Web.Adaptive Bit Rate.Apple HLS.Long Form","MCptAAC ",ChannelModeStereo,64000,"",44100,16,"MCpt264 ",110000,150%,BitRateModeOnePassCBR,10,512x288,2/Seconds
134,MPG_Apple_HLS_h264_LF_16x9_720p.spfx,"h264 long form (More than five minutes).  For 16x9 HD content.  Connection speeds from slow DSL up to average broadband networks.","Web.Adaptive Bit Rate.Apple HLS.Long Form","MCptAAC ",ChannelModeStereo,64000,"",44100,16,"MCpt264 ",110000,150%,BitRateModeOnePassCBR,10,512x288,2/Seconds
135,MPG_Apple_HLS_h264_LF_4x3_480p.spfx,"h264 long form (More than five minutes).  For 4x3 SD content.  Connection speeds from slow DSL up to average broadband networks.","Web.Adaptive Bit Rate.Apple HLS.Long Form","MCptAAC ",ChannelModeStereo,64000,"",44100,16,"MCpt264 ",110000,125%,BitRateModeOnePassCBR,10,384x288,2/Seconds
136,MPG_Apple_HLS_h264_LF_4x3_480p.spfx,"h264 long form (More than five minutes).  For 4x3 SD content.  Connection speeds from slow DSL up to average broadband networks.","Web.Adaptive Bit Rate.Apple HLS.Long Form","MCptAAC ",ChannelModeStereo,64000,"",44100,16,"MCpt264 ",110000,125%,BitRateModeOnePassCBR,10,384x288,2/Seconds
137,MPG_Apple_HLS_h264_LF_4x3_480p.spfx,"h264 long form (More than five minutes).  For 4x3 SD content.  Connection speeds from slow DSL up to average broadband networks.","Web.Adaptive Bit Rate.Apple HLS.Long Form","MCptAAC ",ChannelModeStereo,64000,"",44100,16,"MCpt264 ",110000,125%,BitRateModeOnePassCBR,10,384x288,2/Seconds
138,MPG_Apple_HLS_h264_LF_4x3_480p.spfx,"h264 long form (More than five minutes).  For 4x3 SD content.  Connection speeds from slow DSL up to average broadband networks.","Web.Adaptive Bit Rate.Apple HLS.Long Form","MCptAAC ",ChannelModeStereo,64000,"",44100,16,"MCpt264 ",110000,125%,BitRateModeOnePassCBR,10,384x288,2/Seconds
139,MPG_Apple_HLS_h264_LF_4x3_480p.spfx,"h264 long form (More than five minutes).  For 4x3 SD content.  Connection speeds from slow DSL up to average broadband networks.","Web.Adaptive Bit Rate.Apple HLS.Long Form","MCptAAC ",ChannelModeStereo,64000,"",44100,16,"MCpt264 ",110000,125%,BitRateModeOnePassCBR,10,384x288,2/Seconds
140,MPG_Apple_HLS_h264_LF_4x3_480p.spfx,"h264 long form (More than five minutes).  For 4x3 SD content.  Connection speeds from slow DSL up to average broadband networks.","Web.Adaptive Bit Rate.Apple HLS.Long Form","MCptAAC ",ChannelModeStereo,64000,"",44100,16,"MCpt264 ",110000,125%,BitRateModeOnePassCBR,10,384x288,2/Seconds
141,MPG_Apple_HLS_h264_LF_MAR_720p.spfx,"h264 long form (More than five minutes).  This preset will Maintain Aspect Ratio of the source content.  Connection speeds from slow DSL up to average broadband networks.","Web.Adaptive Bit Rate.Apple HLS.Long Form","MCptAAC ",ChannelModeStereo,64000,"",44100,16,"MCpt264 ",110000,150%,BitRateModeOnePassCBR,10,512x288,2/Seconds
142,MPG_Apple_HLS_h264_LF_MAR_720p.spfx,"h264 long form (More than five minutes).  This preset will Maintain Aspect Ratio of the source content.  Connection speeds from slow DSL up to average broadband networks.","Web.Adaptive Bit Rate.Apple HLS.Long Form","MCptAAC ",ChannelModeStereo,64000,"",44100,16,"MCpt264 ",110000,150%,BitRateModeOnePassCBR,10,512x288,2/Seconds
143,MPG_Apple_HLS_h264_LF_MAR_720p.spfx,"h264 long form (More than five minutes).  This preset will Maintain Aspect Ratio of the source content.  Connection speeds from slow DSL up to average broadband networks.","Web.Adaptive Bit Rate.Apple HLS.Long Form","MCptAAC ",ChannelModeStereo,64000,"",44100,16,"MCpt264 ",110000,150%,BitRateModeOnePassCBR,10,512x288,2/Seconds
144,MPG_Apple_HLS_h264_LF_MAR_720p.spfx,"h264 long form (More than five minutes).  This preset will Maintain Aspect Ratio of the source content.  Connection speeds from slow DSL up to average broadband networks.","Web.Adaptive Bit Rate.Apple HLS.Long Form","MCptAAC ",ChannelModeStereo,64000,"",44100,16,"MCpt264 ",110000,150%,BitRateModeOnePassCBR,10,512x288,2/Seconds
145,MPG_Apple_HLS_h264_LF_MAR_720p.spfx,"h264 long form (More than five minutes).  This preset will Maintain Aspect Ratio of the source content.  Connection speeds from slow DSL up to average broadband networks.","Web.Adaptive Bit Rate.Apple HLS.Long Form","MCptAAC ",ChannelModeStereo,64000,"",44100,16,"MCpt264 ",110000,150%,BitRateModeOnePassCBR,10,512x288,2/Seconds
146,MPG_Apple_HLS_h264_LF_MAR_720p.spfx,"h264 long form (More than five minutes).  This preset will Maintain Aspect Ratio of the source content.  Connection speeds from slow DSL up to average broadband networks.","Web.Adaptive Bit Rate.Apple HLS.Long Form","MCptAAC ",ChannelModeStereo,64000,"",44100,16,"MCpt264 ",110000,150%,BitRateModeOnePassCBR,10,512x288,2/Seconds
147,MPG_Apple_HLS_h264_SF_16x9_720p.spfx,"h264 short form (Less than five minutes).  For 16x9 HD content.  Connection speeds from slow DSL up to average broadband networks.","Web.Adaptive Bit Rate.Apple HLS.Short Form","MCptAAC ",ChannelModeStereo,64000,"",44100,16,"MCpt264 ",110000,150%,BitRateModeOnePassCBR,10,512x288,2/Seconds
148,MPG_Apple_HLS_h264_SF_16x9_720p.spfx,"h264 short form (Less than five minutes).  For 16x9 HD content.  Connection speeds from slow DSL up to average broadband networks.","Web.Adaptive Bit Rate.Apple HLS.Short Form","MCptAAC ",ChannelModeStereo,64000,"",44100,16,"MCpt264 ",110000,150%,BitRateModeOnePassCBR,10,512x288,2/Seconds
149,MPG_Apple_HLS_h264_SF_16x9_720p.spfx,"h264 short form (Less than five minutes).  For 16x9 HD content.  Connection speeds from slow DSL up to average broadband networks.","Web.Adaptive Bit Rate.Apple HLS.Short Form","MCptAAC ",ChannelModeStereo,64000,"",44100,16,"MCpt264 ",110000,150%,BitRateModeOnePassCBR,10,512x288,2/Seconds
150,MPG_Apple_HLS_h264_SF_16x9_720p.spfx,"h264 short form (Less than five minutes).  For 16x9 HD content.  Connection speeds from slow DSL up to average broadband networks.","Web.Adaptive Bit Rate.Apple HLS.Short Form","MCptAAC ",ChannelModeStereo,64000,"",44100,16,"MCpt264 ",110000,150%,BitRateModeOnePassCBR,10,512x288,2/Seconds
151,MPG_Apple_HLS_h264_SF_16x9_720p.spfx,"h264 short form (Less than five minutes).  For 16x9 HD content.  Connection speeds from slow DSL up to average broadband networks.","Web.Adaptive Bit Rate.Apple HLS.Short Form","MCptAAC ",ChannelModeStereo,64000,"",44100,16,"MCpt264 ",110000,150%,BitRateModeOnePassCBR,10,512x288,2/Seconds
152,MPG_Apple_HLS_h264_SF_16x9_720p.spfx,"h264 short form (Less than five minutes).  For 16x9 HD content.  Connection speeds from slow DSL up to average broadband networks.","Web.Adaptive Bit Rate.Apple HLS.Short Form","MCptAAC ",ChannelModeStereo,64000,"",44100,16,"MCpt264 ",110000,150%,BitRateModeOnePassCBR,10,512x288,2/Seconds
153,MPG_Apple_HLS_h264_SF_4x3_480p.spfx,"h264 short form (Less than five minutes).  For 4x3 SD content.  Connection speeds from slow DSL up to average broadband networks.","Web.Adaptive Bit Rate.Apple HLS.Short Form","MCptAAC ",ChannelModeStereo,64000,"",44100,16,"MCpt264 ",110000,125%,BitRateModeOnePassCBR,10,384x288,2/Seconds
154,MPG_Apple_HLS_h264_SF_4x3_480p.spfx,"h264 short form (Less than five minutes).  For 4x3 SD content.  Connection speeds from slow DSL up to average broadband networks.","Web.Adaptive Bit Rate.Apple HLS.Short Form","MCptAAC ",ChannelModeStereo,64000,"",44100,16,"MCpt264 ",110000,125%,BitRateModeOnePassCBR,10,384x288,2/Seconds
155,MPG_Apple_HLS_h264_SF_4x3_480p.spfx,"h264 short form (Less than five minutes).  For 4x3 SD content.  Connection speeds from slow DSL up to average broadband networks.","Web.Adaptive Bit Rate.Apple HLS.Short Form","MCptAAC ",ChannelModeStereo,64000,"",44100,16,"MCpt264 ",110000,125%,BitRateModeOnePassCBR,10,384x288,2/Seconds
156,MPG_Apple_HLS_h264_SF_4x3_480p.spfx,"h264 short form (Less than five minutes).  For 4x3 SD content.  Connection speeds from slow DSL up to average broadband networks.","Web.Adaptive Bit Rate.Apple HLS.Short Form","MCptAAC ",ChannelModeStereo,64000,"",44100,16,"MCpt264 ",110000,125%,BitRateModeOnePassCBR,10,384x288,2/Seconds
157,MPG_Apple_HLS_h264_SF_4x3_480p.spfx,"h264 short form (Less than five minutes).  For 4x3 SD content.  Connection speeds from slow DSL up to average broadband networks.","Web.Adaptive Bit Rate.Apple HLS.Short Form","MCptAAC ",ChannelModeStereo,64000,"",44100,16,"MCpt264 ",110000,125%,BitRateModeOnePassCBR,10,384x288,2/Seconds
158,MPG_Apple_HLS_h264_SF_4x3_480p.spfx,"h264 short form (Less than five minutes).  For 4x3 SD content.  Connection speeds from slow DSL up to average broadband networks.","Web.Adaptive Bit Rate.Apple HLS.Short Form","MCptAAC ",ChannelModeStereo,64000,"",44100,16,"MCpt264 ",110000,125%,BitRateModeOnePassCBR,10,384x288,2/Seconds
159,MPG_Apple_HLS_h264_SF_MAR_720p.spfx,"h264 short form (Less than five minutes).  This preset will Maintain Aspect Ratio of the source content.  Connection speeds from slow DSL up to average broadband networks.","Web.Adaptive Bit Rate.Apple HLS.Short Form","MCptAAC ",ChannelModeStereo,64000,"",44100,16,"MCpt264 ",110000,150%,BitRateModeOnePassCBR,10,512x288,2/Seconds
160,MPG_Apple_HLS_h264_SF_MAR_720p.spfx,"h264 short form (Less than five minutes).  This preset will Maintain Aspect Ratio of the source content.  Connection speeds from slow DSL up to average broadband networks.","Web.Adaptive Bit Rate.Apple HLS.Short Form","MCptAAC ",ChannelModeStereo,64000,"",44100,16,"MCpt264 ",110000,150%,BitRateModeOnePassCBR,10,512x288,2/Seconds
161,MPG_Apple_HLS_h264_SF_MAR_720p.spfx,"h264 short form (Less than five minutes).  This preset will Maintain Aspect Ratio of the source content.  Connection speeds from slow DSL up to average broadband networks.","Web.Adaptive Bit Rate.Apple HLS.Short Form","MCptAAC ",ChannelModeStereo,64000,"",44100,16,"MCpt264 ",110000,150%,BitRateModeOnePassCBR,10,512x288,2/Seconds
162,MPG_Apple_HLS_h264_SF_MAR_720p.spfx,"h264 short form (Less than five minutes).  This preset will Maintain Aspect Ratio of the source content.  Connection speeds from slow DSL up to average broadband networks.","Web.Adaptive Bit Rate.Apple HLS.Short Form","MCptAAC ",ChannelModeStereo,64000,"",44100,16,"MCpt264 ",110000,150%,BitRateModeOnePassCBR,10,512x288,2/Seconds
163,MPG_Apple_HLS_h264_SF_MAR_720p.spfx,"h264 short form (Less than five minutes).  This preset will Maintain Aspect Ratio of the source content.  Connection speeds from slow DSL up to average broadband networks.","Web.Adaptive Bit Rate.Apple HLS.Short Form","MCptAAC ",ChannelModeStereo,64000,"",44100,16,"MCpt264 ",110000,150%,BitRateModeOnePassCBR,10,512x288,2/Seconds
164,MPG_Apple_HLS_h264_SF_MAR_720p.spfx,"h264 short form (Less than five minutes).  This preset will Maintain Aspect Ratio of the source content.  Connection speeds from slow DSL up to average broadband networks.","Web.Adaptive Bit Rate.Apple HLS.Short Form","MCptAAC ",ChannelModeStereo,64000,"",44100,16,"MCpt264 ",110000,150%,BitRateModeOnePassCBR,10,512x288,2/Seconds
165,MPG_Blu-ray_23.98_1080p.spfx,"Recommended for use with DVD authoring applications for progressive source files having frame dimensions of 1920x1080 with 23.98fps.","Disc.Blu-ray Authoring.MPEG-2","MCptAC3 ",ChannelMode5_1,640000,"",48000,16,MPEG2VideoCodec,29296000,,BitRateModeTwoPassVBR,23.98,1920x1080,12/Frames
166,MPG_Blu-ray_23.98_720p.spfx,"Recommended for use with DVD authoring applications for progressive source files having frame dimensions of 1280x720 with 23.98fps.","Disc.Blu-ray Authoring.MPEG-2","MCptAC3 ",ChannelMode5_1,640000,"",48000,16,MPEG2VideoCodec,14000000,,BitRateModeTwoPassVBR,23.98,1280x720,12/Frames
167,MPG_Blu-ray_24_1080p.spfx,"Recommended for use with DVD authoring applications for progressive source files having frame dimensions of 1920x1080 with 24fps.","Disc.Blu-ray Authoring.MPEG-2","MCptAC3 ",ChannelMode5_1,640000,"",48000,16,MPEG2VideoCodec,30000000,,BitRateModeTwoPassVBR,24,1920x1080,12/Frames
168,MPG_Blu-ray_24_720p.spfx,"Recommended for use with DVD authoring applications for progressive source files having frame dimensions of 1280x720 with 24fps.","Disc.Blu-ray Authoring.MPEG-2","MCptAC3 ",ChannelMode5_1,640000,"",48000,16,MPEG2VideoCodec,14000000,,BitRateModeTwoPassVBR,24,1280x720,12/Frames
169,MPG_Blu-ray_50_1080i.spfx,"Recommended for use with DVD authoring applications for interlaced source files having frame dimensions of 1920x1080 with 50fps.","Disc.Blu-ray Authoring.MPEG-2","MCptAC3 ",ChannelMode5_1,640000,"",48000,16,MPEG2VideoCodec,30517000,,BitRateModeTwoPassVBR,25,1920x1080,12/Frames
170,MPG_Blu-ray_50_720p.spfx,"Recommended for use with DVD authoring applications for progressive source files having frame dimensions of 1280x720 with 50fps.","Disc.Blu-ray Authoring.MPEG-2","MCptAC3 ",ChannelMode5_1,640000,"",48000,16,MPEG2VideoCodec,28000000,,BitRateModeTwoPassVBR,50,1280x720,12/Frames
171,MPG_Blu-ray_60_1080i.spfx,"Recommended for use with DVD authoring applications for interlaced source files having frame dimensions of 1920x1080 with 60fps.","Disc.Blu-ray Authoring.MPEG-2","MCptAC3 ",ChannelMode5_1,640000,"",48000,16,MPEG2VideoCodec,36620000,,BitRateModeTwoPassVBR,29.97,1920x1080,15/Frames
172,MPG_Blu-ray_60_720p.spfx,"Recommended for use with DVD authoring applications for progressive source files having frame dimensions of 1280x720 with 60fps.","Disc.Blu-ray Authoring.MPEG-2","MCptAC3 ",ChannelMode5_1,640000,"",48000,16,MPEG2VideoCodec,32000000,,BitRateModeTwoPassVBR,59.94,1280x720,12/Frames
173,MPG_DVD_Disc_Burn_ES_NTSC.spfx,"Recommended for one-off DVD burning for interlaced source files having frame dimensions of 720x480 with 29.97fps.","Disc.DVD.Elementary Streams","MCptAC3 ",ChannelModeStereo,384000,"",48000,16,MPEG2VideoCodec,6000000,,BitRateModeTwoPassVBR,29.97,720x480,""
174,MPG_DVD_Disc_Burn_ES_PAL.spfx,"Recommended for one-off DVD burning for interlaced source files having frame dimensions of 720x576 with 25fps.","Disc.DVD.Elementary Streams","MCptAC3 ",ChannelModeStereo,384000,"",48000,16,MPEG2VideoCodec,6000000,,BitRateModeTwoPassVBR,25,720x576,15/Frames
175,MPG_DVD_ISO_Image_ES_NTSC.spfx,"Recommended for use with DVD authoring applications for interlaced source files having frame dimensions of 720x480 with 29.97fps.","Disc.DVD.Elementary Streams","MCptAC3 ",ChannelModeStereo,384000,"",48000,16,MPEG2VideoCodec,6000000,,BitRateModeTwoPassVBR,29.97,720x480,15/Frames
176,MPG_DVD_ISO_Image_ES_PAL.spfx,"Recommended for use with DVD authoring applications for interlaced source files having frame dimensions of 720x576 with 25fps.","Disc.DVD.Elementary Streams",MPEG2AudioCodec,ChannelModeStereo,224000,"DVD (MPEG 2)",48000,16,MPEG2VideoCodec,3072000,,BitRateModeTwoPassVBR,25,720x576,""
177,MPG_DVD_PS_NTSC.spfx,"Recommended for use with DVD authoring applications for interlaced source files having frame dimensions of 720x480 with 29.97fps.","Disc.DVD.Program Streams",MPEG2AudioCodec,ChannelModeStereo,224000,"DVD (MPEG 2)",48000,16,MPEG2VideoCodec,7987000,,BitRateModeTwoPassVBR,29.97,720x480,15/Frames
178,MPG_DVD_PS_PAL.spfx,"Recommended for use with DVD authoring applications for interlaced source files having frame dimensions of 720x576 with 25fps.","Disc.DVD.Program Streams",MPEG2AudioCodec,ChannelModeStereo,224000,"DVD (MPEG 2)",48000,16,MPEG2VideoCodec,7987000,,BitRateModeTwoPassVBR,25,720x576,15/Frames
179,MPG_HDTV_24_1080p.spfx,"ATSC compliant MPEG 2 Transport stream 1920X1080.",Broadcast.HDTV,MPEG2AudioCodec,ChannelModeStereo,384000,"ATSC HD (MPEG 2)",48000,16,MPEG2VideoCodec,15000000,,BitRateModeOnePassVBR,24,1920x1080,12/Frames
180,MPG_HDTV_24_720p.spfx,"ATSC compliant MPEG 2 Transport stream 1280X720.",Broadcast.HDTV,MPEG2AudioCodec,ChannelModeStereo,384000,"ATSC HD (MPEG 2)",48000,16,MPEG2VideoCodec,10000000,,BitRateModeOnePassVBR,24,1280x720,12/Frames
181,MPG_HDTV_25_1080i.spfx,"ATSC Complaint MPEG 2 transport stream 1920X1080(50i) for European/PAL broadcasts.",Broadcast.HDTV,MPEG2AudioCodec,ChannelModeStereo,96000,"ATSC HD (MPEG 2)",48000,16,MPEG2VideoCodec,15000000,,BitRateModeOnePassVBR,25,1920x1080,12/Frames
182,MPG_HDTV_25_1080p.spfx,"ATSC compliant MPEG 2 Transport stream 1920X1080 for European/Pal broadcasts.",Broadcast.HDTV,MPEG2AudioCodec,ChannelModeStereo,384000,"ATSC HD (MPEG 2)",48000,16,MPEG2VideoCodec,15000000,,BitRateModeOnePassVBR,25,1920x1080,12/Frames
183,MPG_HDTV_25_720p.spfx,"ATSC compliant MPEG 2 Transport stream 1280X720 for European/Pal broadcasts.",Broadcast.HDTV,MPEG2AudioCodec,ChannelModeStereo,384000,"ATSC HD (MPEG 2)",48000,16,MPEG2VideoCodec,10000000,,BitRateModeOnePassVBR,25,1280x720,12/Frames
184,MPG_HDV_24_720p.spfx,"HDV spec. MPEG 2, for transcoding footage to match HDV for editing on a timeline or exporting to tape. .mpg file extension.","Editing.HDV Stream",MPEG2AudioCodec,ChannelModeStereo,384000,"MDV HD1 (MPEG 2)",48000,16,MPEG2VideoCodec,18300000,,BitRateModeOnePassCBR,23.98,1280x720,6/Frames
185,MPG_HDV_30_720p.spfx,"HDV spec. MPEG 2, for transcoding footage to match HDV for editing on a timeline or exporting to tape. .mpg file extension.","Editing.HDV Stream",MPEG2AudioCodec,ChannelModeStereo,384000,"MDV HD1 (MPEG 2)",48000,16,MPEG2VideoCodec,18300000,,BitRateModeOnePassCBR,29.97,1280x720,""
186,MPG_HDV_50_1080i.spfx,"HDV spec. MPEG 2, for transcoding footage to match HDV for editing on a timeline or exporting to tape. .mpg file extension.","Editing.HDV Stream",MPEG2AudioCodec,ChannelModeStereo,384000,"HDV HD2 (MPEG 2)",48000,16,MPEG2VideoCodec,25000000,,BitRateModeOnePassCBR,25,1440x1080,15/Frames
187,MPG_HDV_60_1080i.spfx,"HDV spec. MPEG 2, for transcoding footage to match HDV for editing on a timeline or exporting to tape. .mpg file extension","Editing.HDV Stream",MPEG2AudioCodec,ChannelModeStereo,384000,"HDV HD2 (MPEG 2)",48000,16,MPEG2VideoCodec,25000000,,BitRateModeOnePassCBR,29.97,1440x1080,15/Frames
188,MPG_HDV_60_720p.spfx,"HDV spec. MPEG 2, for transcoding footage to match HDV for editing on a timeline or exporting to tape. .mpg file extension.","Editing.HDV Stream",MPEG2AudioCodec,ChannelModeStereo,384000,"MDV HD1 (MPEG 2)",48000,16,MPEG2VideoCodec,18300000,,BitRateModeOnePassCBR,59.94,1280x720,12/Frames
189,MPG_TS_MPEG-2_DolbyDigital_23.98_1080p.spfx,"1920x1080p at 23.98fps - Two pass VBR MPEG-2 at 20000Kbps with Dolby 5.1 audio at 448Kbps/16bit for use with BrightSign Digital Signage devices.","Devices.Digital Signage.MPEG-2 TS","MCptAC3 ",ChannelMode5_1,448000,"",48000,16,MPEG2VideoCodec,20000000,,BitRateModeTwoPassVBR,23.98,1920x1080,12/Frames
190,MPG_TS_MPEG-2_DolbyDigital_23.98_720p.spfx,"1280x720p at 23.98fps - Two pass VBR MPEG-2 at 20000Kbps with Dolby 5.1 audio at 448Kbps/16bit for use with BrightSign Digital Signage devices.","Devices.Digital Signage.MPEG-2 TS","MCptAC3 ",ChannelMode5_1,448000,"",48000,16,MPEG2VideoCodec,20000000,,BitRateModeTwoPassVBR,23.98,1280x720,12/Frames
191,MPG_TS_MPEG-2_DolbyDigital_29.97_1080i.spfx,"1920x1080i at 29.97fps - Two pass VBR MPEG-2 at 20000Kbps with Dolby 5.1 audio at 448Kbps/16bit for use with BrightSign Digital Signage devices.","Devices.Digital Signage.MPEG-2 TS","MCptAC3 ",ChannelMode5_1,448000,"",48000,16,MPEG2VideoCodec,20000000,,BitRateModeTwoPassVBR,29.97,1920x1080,""
192,MPG_TS_MPEG-2_DolbyDigital_29.97_1080p.spfx,"1920x1080p at 29.97fps - Two pass VBR MPEG-2 at 20000Kbps with Dolby 5.1 audio at 448Kbps/16bit for use with BrightSign Digital Signage devices.","Devices.Digital Signage.MPEG-2 TS","MCptAC3 ",ChannelMode5_1,448000,"",48000,16,MPEG2VideoCodec,20000000,,BitRateModeTwoPassVBR,29.97,1920x1080,""
193,MPG_TS_MPEG-2_DolbyDigital_29.97_720p.spfx,"1280x720p at 29.97fps - Two pass VBR MPEG-2 at 20000Kbps with Dolby 5.1 audio at 448Kbps/16bit for use with BrightSign Digital Signage devices.","Devices.Digital Signage.MPEG-2 TS","MCptAC3 ",ChannelMode5_1,448000,"",48000,16,MPEG2VideoCodec,20000000,,BitRateModeTwoPassVBR,29.97,1280x720,15/Frames
194,MPG_TS_MPEG-2_DolbyDigital_59.94_720p.spfx,"1280x720p at 59.94fps - Two pass VBR MPEG-2 at 20000Kbps with Dolby 5.1 audio at 448Kbps/16bit for use with BrightSign Digital Signage devices.","Devices.Digital Signage.MPEG-2 TS","MCptAC3 ",ChannelMode5_1,448000,"",48000,16,MPEG2VideoCodec,20000000,,BitRateModeTwoPassVBR,59.94,1280x720,15/Frames
195,MPG_TS_h264_DolbyDigital_23.98_1080i.spfx,"1920x1080i at 23.98fps - Two pass VBR MainConcept H.264 at 16500Kbps with Dolby 5.1 audio at 448Kbps/16bit for use with BrightSign Digital Signage devices.","Devices.Digital Signage.h264 TS","MCptAC3 ",ChannelMode5_1,448000,"",48000,16,"MCpt264 ",16500000,120%,BitRateModeTwoPassVBR,23.98,1920x1080,300/Frames
196,MPG_TS_h264_DolbyDigital_23.98_720p.spfx,"1280x720p at 23.98fps - Two pass VBR MainConcept H.264 at 16500Kbps with Dolby 5.1 audio at 448Kbps/16bit for use with BrightSign Digital Signage devices.","Devices.Digital Signage.h264 TS","MCptAC3 ",ChannelMode5_1,448000,"",48000,16,"MCpt264 ",16500000,120%,BitRateModeTwoPassVBR,23.98,1280x720,300/Frames
197,MPG_TS_h264_DolbyDigital_29.97_1080i.spfx,"1920x1080i at 29.97fps - Two pass VBR MainConcept H.264 at 16500Kbps with Dolby 5.1 audio at 448Kbps/16bit for use with BrightSign Digital Signage devices.","Devices.Digital Signage.h264 TS","MCptAC3 ",ChannelMode5_1,448000,"",48000,16,"MCpt264 ",16500000,120%,BitRateModeTwoPassVBR,29.97,1920x1080,300/Frames
198,MPG_TS_h264_DolbyDigital_29.97_720p.spfx,"1280x720p at 29.97fps - Two pass VBR MainConcept H.264 at 16500Kbps with Dolby 5.1 audio at 448Kbps/16bit for use with BrightSign Digital Signage devices.","Devices.Digital Signage.h264 TS","MCptAC3 ",ChannelMode5_1,448000,"",48000,16,"MCpt264 ",16500000,120%,BitRateModeTwoPassVBR,29.97,1280x720,300/Frames
199,MPG_TS_h264_DolbyDigital_59.94_720p.spfx,"1280x720p at 59.94fps - Two pass VBR MainConcept H.264 at 16500Kbps with Dolby 5.1 audio at 448Kbps/16bit for use with BrightSign Digital Signage devices.","Devices.Digital Signage.h264 TS","MCptAC3 ",ChannelMode5_1,448000,"",48000,16,"MCpt264 ",16500000,120%,BitRateModeTwoPassVBR,59.94,1280x720,300/Frames
200,OGG.spfx,,"FormatTemplates.Ogg Vorbis","SMI VRBS",ChannelModeStereo,192000,None,44100,16,,,,,,,
201,Ogg_128kbits_44kHz_stereo.spfx,"Ogg is a free, open container format maintained by the Xiph.Org Foundation.","","SMI VRBS",ChannelModeStereo,128000,None,44100,16,,,,,,,
202,Ogg_192kbits_44kHz_stereo.spfx,"Ogg is a free, open container format maintained by the Xiph.Org Foundation.","","SMI VRBS",ChannelModeStereo,192000,None,44100,16,,,,,,,
203,Ogg_256kbits_48kHz_stereo.spfx,"Ogg is a free, open container format maintained by the Xiph.Org Foundation.","","SMI VRBS",ChannelModeStereo,256000,None,48000,16,,,,,,,
204,Ogg_96kbits_44kHz_stereo.spfx,"Ogg is a free, open container format maintained by the Xiph.Org Foundation.","","SMI VRBS",ChannelModeStereo,96000,None,44100,16,,,,,,,
205,QTX_AIFF_16bit_44kHz.spfx,"Audio Interchange File Format","",sounAIFF,ChannelModeStereo,0,"",44100,16,sounAIFF,100000,,BitRateModeOnePassCBR,-1,320x240,""
206,QTX_AIFF_16bit_48kHz.spfx,"Audio Interchange File Format","",sounAIFF,ChannelModeStereo,0,"",48000,16,sounAIFF,100000,,BitRateModeOnePassCBR,-1,320x240,""
207,QTX_AIFF_24bit_48kHz.spfx,"Audio Interchange File Format","",sounAIFF,ChannelModeStereo,0,"",48000,16,sounAIFF,100000,,BitRateModeOnePassCBR,-1,320x240,""
208,QTX_AIFF_24bit_96kHz.spfx,"Audio Interchange File Format","",sounAIFF,ChannelModeStereo,0,"",44100,16,sounAIFF,100000,,BitRateModeOnePassCBR,-1,320x240,""
209,QTX_DV_NTSC.spfx,"NTSC complaint DV file ideal for transcoding footage to match DV for editing on a timeline .dv file extension.","Editing.DV Stream",appldvc!,ChannelModeStereo,0,"",48000,16,appldvc!,100000,,BitRateModeOnePassCBR,-1,720x480,""
210,QTX_DV_PAL.spfx,"PAL compliant DV file ideal for transcoding footage to match DV for editing on a timeline.  .dv file extension.","Editing.DV Stream",appldvc!,ChannelModeStereo,0,"",48000,16,appldvc!,100000,,BitRateModeOnePassCBR,-1,720x576,""
211,QTX_DV_PAL_(AVI).spfx,"DV codec with PAL frame size in an AVI container.","","applVfW ",ChannelModeStereo,0,"",44100,16,"applVfW ",100000,,BitRateModeOnePassCBR,-1,720x576,""
212,QTX_WAVE_16bit_44kHz.spfx,"Waveform Audio Format","",sounWAVE,ChannelModeStereo,0,"",44100,16,sounWAVE,100000,,BitRateModeOnePassCBR,-1,320x240,""
213,QTX_WAVE_16bit_48kHz.spfx,"Waveform Audio Format","",sounWAVE,ChannelModeStereo,0,"",48000,16,sounWAVE,100000,,BitRateModeOnePassCBR,-1,320x240,""
214,QTX_WMV_1200Kbps_480p.spfx,"Windows Media Video using Flip4Mac. For progressive download on fast Wi-Fi network connections.","",TELEASF_,ChannelModeStereo,0,"",44100,16,TELEASF_,100000,,BitRateModeOnePassCBR,-1,852x480,""
215,QTX_WMV_2000Kbps_720p.spfx,"Windows Media Video using Flip4Mac. For progressive download on slow broadband network connections.","",TELEASF_,ChannelModeStereo,0,"",44100,16,TELEASF_,100000,,BitRateModeOnePassCBR,-1,1280x720,""
216,QTX_WMV_3000Kbps_720p.spfx,"Windows Media Video using Flip4Mac. For progressive download on average broadband network connections.","",TELEASF_,ChannelModeStereo,0,"",44100,16,TELEASF_,100000,,BitRateModeOnePassCBR,-1,1280x720,""
217,QTX_WMV_512Kbps_288p.spfx,"Windows Media video using Flip4Mac. For progressive download on average 3g network connections.","",TELEASF_,ChannelModeStereo,0,"",44100,16,TELEASF_,100000,,BitRateModeOnePassCBR,-1,512x288,""
218,QTX_WMV_768Kbps_360p.spfx,"Windows Media Video using Flip4Mac. For progressive download on fast 3g network connections.","",TELEASF_,ChannelModeStereo,0,"",44100,16,TELEASF_,100000,,BitRateModeOnePassCBR,-1,640x360,""
219,SWF.xss,,"FormatTemplates.SWF (Flash 6+)","Fraunhofer MP3",ChannelModeMono,32000,"",22050,16,SPARKVideoCodec,133000,,BitRateModeSorensonTwoPassVBR,-2,240x180,30
220,SWF_F8_SWF_VP6_1200Kbps_480p.spfx,"Flash player video for progressive download on fast Wi-Fi network connections.","Web.Progressive Download.Adobe Flash Video.Flash Player (.swf).F8 Progressive Download","SMI MP3 ",ChannelModeStereo,128000,"Adobe Flash 8+ (FLV)",44100,16,ON2!VP62,990000,,BitRateModeTwoPassVBR,-1,852x480,10/Seconds
221,SWF_F8_SWF_VP6_2000Kbps_720p.spfx,"Flash player video for progressive download on slow broadband network connections.","Web.Progressive Download.Adobe Flash Video.Flash Player (.swf).F8 Progressive Download","SMI MP3 ",ChannelModeStereo,160000,"Adobe Flash 8+ (FLV)",44100,16,ON2!VP62,1800000,,BitRateModeTwoPassVBR,-1,1280x720,10/Seconds
222,SWF_F8_SWF_VP6_3000Kbps_720p.spfx,"Flash player video for progressive download on average broadband network connections.","Web.Progressive Download.Adobe Flash Video.Flash Player (.swf).F8 Progressive Download","SMI MP3 ",ChannelModeStereo,160000,"Adobe Flash 8+ (FLV)",44100,16,ON2!VP62,2800000,,BitRateModeTwoPassVBR,-1,1280x720,10/Seconds
223,SWF_F8_SWF_VP6_512Kbps_288p.spfx,"Flash player video for progressive download on average 3g network connections.","Web.Progressive Download.Adobe Flash Video.Flash Player (.swf).F8 Progressive Download","SMI MP3 ",ChannelModeMono,96000,"Adobe Flash 8+ (FLV)",44100,16,ON2!VP62,400000,,BitRateModeTwoPassVBR,-1,512x288,10/Seconds
224,SWF_F8_SWF_VP6_768Kbps_360p.spfx,"Flash player video for progressive download on fast 3g network connections.","Web.Progressive Download.Adobe Flash Video.Flash Player (.swf).F8 Progressive Download","SMI MP3 ",ChannelModeMono,96000,"Adobe Flash 8+ (FLV)",44100,16,ON2!VP62,600000,,BitRateModeTwoPassVBR,-1,640x360,10/Seconds
225,SWF_F9_SWF_h264_1200Kbps_480p.spfx,"h264 Flash player video for progressive download on fast Wi-Fi network connections.","Web.Progressive Download.Adobe Flash Video.Flash Player (.swf).F9 Progressive Download.h264",AACAudioCodec,ChannelModeStereo,128000,"Adobe Flash 9+ (MP4)",44100,16,MCptH264,600000,160%,BitRateModeTwoPassVBR,-1,852x480,10/Seconds
226,SWF_F9_SWF_h264_2000Kbps_720p.spfx,"h264 Flash player video for progressive download on slow broadband network connections.","Web.Progressive Download.Adobe Flash Video.Flash Player (.swf).F9 Progressive Download.h264",AACAudioCodec,ChannelModeStereo,160000,"Adobe Flash 9+ (MP4)",44100,16,MCptH264,1800000,160%,BitRateModeTwoPassVBR,-1,1280x720,10/Seconds
227,SWF_F9_SWF_h264_3000Kbps_720p.spfx,"h264 Flash player video for progressive download on average broadband network connections.","Web.Progressive Download.Adobe Flash Video.Flash Player (.swf).F9 Progressive Download.h264",AACAudioCodec,ChannelModeStereo,160000,"Adobe Flash 9+ (MP4)",44100,16,MCptH264,2800000,160%,BitRateModeTwoPassVBR,-1,1280x720,10/Seconds
228,SWF_F9_SWF_h264_512Kbps_288p.spfx,"h264 Flash player video for progressive download on average 3g network connections.","Web.Progressive Download.Adobe Flash Video.Flash Player (.swf).F9 Progressive Download.h264",AACAudioCodec,ChannelModeStereo,96000,"Adobe Flash 9+ (MP4)",44100,16,MCptH264,400000,160%,BitRateModeTwoPassVBR,-1,512x288,10/Seconds
229,SWF_F9_SWF_h264_768Kbps_360p.spfx,"h264 Flash player video for progressive download on fast 3g network connections.","Web.Progressive Download.Adobe Flash Video.Flash Player (.swf).F9 Progressive Download.h264",AACAudioCodec,ChannelModeStereo,96000,"Adobe Flash 9+ (MP4)",44100,16,MCptH264,600000,160%,BitRateModeTwoPassVBR,-1,640x360,10/Seconds
230,SWF_F9_SWF_x264_1200Kbps_480p.spfx,"h264 Flash player video for progressive download on fast Wi-Fi network connections.","Web.Progressive Download.Adobe Flash Video.Flash Player (.swf).F9 Progressive Download.x264",AACAudioCodec,ChannelModeStereo,128000,"Adobe Flash 9+ (MP4)",44100,16,x264H264,600000,160%,BitRateModeTwoPassVBR,-1,852x480,10/Seconds
231,SWF_F9_SWF_x264_2000Kbps_720p.spfx,"h264 Flash player video for progressive download on slow broadband network connections.","Web.Progressive Download.Adobe Flash Video.Flash Player (.swf).F9 Progressive Download.x264",AACAudioCodec,ChannelModeStereo,160000,"Adobe Flash 9+ (MP4)",44100,16,x264H264,1800000,160%,BitRateModeTwoPassVBR,-1,1280x720,10/Seconds
232,SWF_F9_SWF_x264_3000Kbps_720p.spfx,"h264 Flash player video for progressive download on average broadband network connections.","Web.Progressive Download.Adobe Flash Video.Flash Player (.swf).F9 Progressive Download.x264",AACAudioCodec,ChannelModeStereo,160000,"Adobe Flash 9+ (MP4)",44100,16,x264H264,2800000,160%,BitRateModeTwoPassVBR,-1,1280x720,10/Seconds
233,SWF_F9_SWF_x264_512Kbps_288p.spfx,"h264 Flash player video for progressive download on average 3g network connections.","Web.Progressive Download.Adobe Flash Video.Flash Player (.swf).F9 Progressive Download.x264",AACAudioCodec,ChannelModeStereo,96000,"Adobe Flash 9+ (MP4)",44100,16,x264H264,400000,160%,BitRateModeTwoPassVBR,-1,512x288,10/Seconds
234,SWF_F9_SWF_x264_768Kbps_360p.spfx,"h264 Flash player video for progressive download on fast 3g network connections.","Web.Progressive Download.Adobe Flash Video.Flash Player (.swf).F9 Progressive Download.x264",AACAudioCodec,ChannelModeStereo,96000,"Adobe Flash 9+ (MP4)",44100,16,x264H264,600000,160%,BitRateModeTwoPassVBR,-1,640x360,10/Seconds
235,WEBM.spfx,,FormatTemplates.QuickTime,"SMI VRBS",ChannelModeStereo,128000,None,44100,16,"ON2!VP8 ",990000,,BitRateModeTwoPassVBR,-1,852x480,10/Seconds
236,WEBM_WebM_1200Kbps_480p.spfx,"WebM video for progressive download on fast Wi-Fi network connections.","Web.Progressive Download.WebM","SMI VRBS",ChannelModeStereo,128000,None,44100,16,"ON2!VP8 ",990000,,BitRateModeTwoPassVBR,-1,852x480,10/Seconds
237,WEBM_WebM_2000Kbps_720p.spfx,"WebM video for progressive download on slow broadband network connections.","Web.Progressive Download.WebM","SMI VRBS",ChannelModeStereo,160000,None,44100,16,"ON2!VP8 ",1800000,,BitRateModeTwoPassVBR,-1,1280x720,10/Seconds
238,WEBM_WebM_3000Kbps_720p.spfx,"WebM video for progressive download on average broadband network connections.","Web.Progressive Download.WebM","SMI VRBS",ChannelModeStereo,160000,None,44100,16,"ON2!VP8 ",2800000,,BitRateModeTwoPassVBR,-1,1280x720,10/Seconds
239,WEBM_WebM_512Kbps_288p.spfx,"WebM video for progressive download on average 3g network connections.","Web.Progressive Download.WebM","SMI VRBS",ChannelModeStereo,96000,None,44100,16,"ON2!VP8 ",400000,,BitRateModeTwoPassVBR,-1,512x288,10/Seconds
240,WEBM_WebM_768Kbps_360p.spfx,"WebM video for progressive download on fast 3g network connections.","Web.Progressive Download.WebM","SMI VRBS",ChannelModeStereo,96000,None,44100,16,"ON2!VP8 ",600000,,BitRateModeTwoPassVBR,-1,480x360,10/Seconds
241,WEBM_YouTube_WebM_1080p.spfx,"Optimized output for YouTube upload of 1080p source files.",Web.Destinations.YouTube.WebM,"SMI VRBS",ChannelModeStereo,192000,None,48000,16,"ON2!VP8 ",6000000,,BitRateModeTwoPassVBR,-1,1920x1080,10/Seconds
242,WEBM_YouTube_WebM_480p.spfx,"Optimized output for YouTube upload of 480p source files.",Web.Destinations.YouTube.WebM,"SMI VRBS",ChannelModeStereo,192000,None,48000,16,"ON2!VP8 ",2000000,,BitRateModeTwoPassVBR,-1,852x480,10/Seconds
243,WEBM_YouTube_WebM_720p.spfx,"Optimized output for YouTube upload of 720p source files.",Web.Destinations.YouTube.WebM,"SMI VRBS",ChannelModeStereo,192000,None,48000,16,"ON2!VP8 ",5000000,,BitRateModeTwoPassVBR,-1,1280x720,10/Seconds
244,WMV.xss,,FormatTemplates.WindowsMedia,MCptMWMA,ChannelModeStereo,128000,"WMV (VC-1)",44100,16,"MCptVC1 ",768000,,BitRateModeOnePassVBR,-1,480x480,2/Seconds
245,WMV_1200Kbps_480p.spfx,"Windows Media video for progressive download on fast Wi-Fi network connections.","Web.Progressive Download.Windows Media Video",MCptMWMA,ChannelModeStereo,128000,"WMV (VC-1)",44100,16,"MCptVC1 ",990000,,BitRateModeTwoPassVBR,-1,852x480,10/Seconds
246,WMV_2000Kbps_720p.spfx,"Windows Media video for progressive download on slow broadband network connections.","Web.Progressive Download.Windows Media Video",MCptMWMA,ChannelModeStereo,160000,"WMV (VC-1)",44100,16,"MCptVC1 ",1800000,,BitRateModeTwoPassVBR,-1,1280x720,10/Seconds
247,WMV_3000Kbps_720p.spfx,"Windows Media video for progressive download on average broadband network connections.","Web.Progressive Download.Windows Media Video",MCptMWMA,ChannelModeStereo,160000,"WMV (VC-1)",44100,16,"MCptVC1 ",2800000,,BitRateModeTwoPassVBR,-1,1280x720,10/Seconds
248,WMV_512Kbps_288p.spfx,"Windows Media video for progressive download on average 3g network connections.","Web.Progressive Download.Windows Media Video",MCptMWMA,ChannelModeStereo,64000,"WMV (VC-1)",44100,16,"MCptVC1 ",460000,,BitRateModeTwoPassVBR,-1,512x288,10/Seconds
249,WMV_768Kbps_360p.spfx,"Windows Media video for progressive download on fast 3g network connections.","Web.Progressive Download.Windows Media Video",MCptMWMA,ChannelModeStereo,96000,"WMV (VC-1)",44100,16,"MCptVC1 ",600000,,BitRateModeTwoPassVBR,-1,640x360,10/Seconds
250,WMV_Blu-ray_23.97_720p.spfx,"Recommended for use with DVD authoring applications for progressive source files having frame dimensions of 1920x1080 with 23.98fps.","Disc.Blu-ray Authoring.VC-1","MCptAC3 ",ChannelMode5_1,640000,"",48000,16,"MCptVC1 ",10400000,,BitRateModeTwoPassVBR,23.976,1280x720,10/Seconds
251,WMV_Blu-ray_23.98_1080p.spfx,"Recommended for use with DVD authoring applications for interlaced source files having frame dimensions of 1920x1080 with 23.98fps.","Disc.Blu-ray Authoring.VC-1","MCptAC3 ",ChannelMode5_1,640000,"",48000,16,"MCptVC1 ",24000000,,BitRateModeTwoPassVBR,29.97,1920x1080,10/Seconds
252,WMV_Blu-ray_24_1080p.spfx,"Recommended for use with Blu-ray authoring applications for progressive source files having frame dimensions of 1920x1080 with 24fps.","Disc.Blu-ray Authoring.VC-1","MCptAC3 ",ChannelMode5_1,640000,"",48000,16,"MCptVC1 ",24000000,,BitRateModeTwoPassVBR,24,1920x1080,10/Seconds
253,WMV_Blu-ray_24_720p.spfx,"Recommended for use with DVD authoring applications for progressive source files having frame dimensions of 1280x720 with 24fps.","Disc.Blu-ray Authoring.VC-1","MCptAC3 ",ChannelMode5_1,640000,"",48000,16,"MCptVC1 ",10400000,,BitRateModeTwoPassVBR,24,1280x720,10/Seconds
254,WMV_Blu-ray_50_1080i.spfx,"Recommended for use with Blu-ray authoring applications for interlaced source files having frame dimensions of 1920x1080 with 25fps.","Disc.Blu-ray Authoring.VC-1","MCptAC3 ",ChannelMode5_1,640000,"",48000,16,"MCptVC1 ",25000000,,BitRateModeTwoPassVBR,25,1920x1080,10/Seconds
255,WMV_Blu-ray_50_720p.spfx,"Recommended for use with Blu-ray authoring applications for progressive source files having frame dimensions of 1280x720 with 50fps.","Disc.Blu-ray Authoring.VC-1","MCptAC3 ",ChannelMode5_1,640000,"",48000,16,"MCptVC1 ",21650000,,BitRateModeTwoPassVBR,50,1280x720,10/Seconds
256,WMV_Blu-ray_60_1080i.spfx,"Recommended for use with Blu-ray authoring applications for interlaced source files having frame dimensions of 1920x1080 with 29.97fps.","Disc.Blu-ray Authoring.VC-1","MCptAC3 ",ChannelMode5_1,640000,"",48000,16,"MCptVC1 ",30000000,,BitRateModeTwoPassVBR,29.97,1920x1080,10/Seconds
257,WMV_Blu-ray_60_720p.spfx,"Recommended for use with Blu-ray authoring applications for progressive source files having frame dimensions of 1280x720 with 60fps.","Disc.Blu-ray Authoring.VC-1","MCptAC3 ",ChannelMode5_1,640000,"",48000,16,"MCptVC1 ",25970000,,BitRateModeTwoPassVBR,59.94,1280x720,10/Frames
